{"cameraMode":{"drawMode":0,"name":"Shaded","section":"Shading Mode"},"sceneLighting":false,"audioPlay":false,"sceneViewState":{"m_AlwaysRefresh":false,"showFog":true,"showSkybox":true,"showFlares":true,"showImageEffects":true,"showParticleSystems":true,"showVisualEffectGraphs":true,"m_FxEnabled":true},"in2DMode":false,"pivot":{"x":-0.33000001311302187,"y":10.710000038146973,"z":-16.350000381469728},"rotation":{"x":0.27507609128952029,"y":0.08956970274448395,"z":-0.02570895105600357,"w":0.9569587111473084},"size":5.701771259307861,"orthographic":true}