{"cameraMode":{"drawMode":0,"name":"Shaded","section":"Shading Mode"},"sceneLighting":false,"audioPlay":false,"sceneViewState":{"m_AlwaysRefresh":false,"showFog":true,"showSkybox":true,"showFlares":true,"showImageEffects":true,"showParticleSystems":true,"showVisualEffectGraphs":true,"m_FxEnabled":true},"in2DMode":false,"pivot":{"x":-15.202526092529297,"y":7.8296895027160648,"z":-0.06424176692962647},"rotation":{"x":0.3486098051071167,"y":-0.2202412635087967,"z":0.08465752750635147,"w":0.9071440100669861},"size":5.7147417068481449,"orthographic":true}