{"cameraMode":{"drawMode":0,"name":"Shaded","section":"Shading Mode"},"sceneLighting":false,"audioPlay":false,"sceneViewState":{"m_AlwaysRefresh":false,"showFog":true,"showSkybox":true,"showFlares":true,"showImageEffects":true,"showParticleSystems":true,"showVisualEffectGraphs":true,"m_FxEnabled":true},"in2DMode":false,"pivot":{"x":14.711969375610352,"y":5.440000057220459,"z":-4.76837158203125e-7},"rotation":{"x":0.018896175548434259,"y":0.01831360161304474,"z":-0.0002956930547952652,"w":0.9997143745422363},"size":1.434565782546997,"orthographic":true}