{"cameraMode":{"drawMode":0,"name":"Shaded","section":"Shading Mode"},"sceneLighting":false,"audioPlay":false,"sceneViewState":{"m_AlwaysRefresh":false,"showFog":true,"showSkybox":false,"showFlares":true,"showImageEffects":true,"showParticleSystems":true,"showVisualEffectGraphs":true,"m_FxEnabled":true},"in2DMode":false,"pivot":{"x":3.282097339630127,"y":-2.5377016067504885,"z":10.807283401489258},"rotation":{"x":0.2834475040435791,"y":0.013254662044346333,"z":-0.0038990003522485496,"w":0.9589483737945557},"size":8.161925315856934,"orthographic":true}