{"cameraMode":{"drawMode":0,"name":"Shaded","section":"Shading Mode"},"sceneLighting":false,"audioPlay":false,"sceneViewState":{"m_AlwaysRefresh":false,"showFog":true,"showSkybox":false,"showFlares":true,"showImageEffects":true,"showParticleSystems":true,"showVisualEffectGraphs":true,"m_FxEnabled":true},"in2DMode":false,"pivot":{"x":0.4076957702636719,"y":0.274749755859375,"z":0.15065765380859376},"rotation":{"x":0.39128759503364565,"y":0.297837495803833,"z":-0.13546541333198548,"w":0.8602049946784973},"size":16.041994094848634,"orthographic":true}