{"cameraMode":{"drawMode":0,"name":"Shaded","section":"Shading Mode"},"sceneLighting":false,"audioPlay":false,"sceneViewState":{"m_AlwaysRefresh":false,"showFog":true,"showSkybox":false,"showFlares":true,"showImageEffects":true,"showParticleSystems":true,"showVisualEffectGraphs":true,"m_FxEnabled":true},"in2DMode":false,"pivot":{"x":-6.779576301574707,"y":-0.039999961853027347,"z":-21.633255004882814},"rotation":{"x":0.39128759503364565,"y":0.297837495803833,"z":-0.13546541333198548,"w":0.8602049946784973},"size":5.936614513397217,"orthographic":true}