{"cameraMode":{"drawMode":0,"name":"Shaded","section":"Shading Mode"},"sceneLighting":false,"audioPlay":false,"sceneViewState":{"m_AlwaysRefresh":false,"showFog":true,"showSkybox":false,"showFlares":true,"showImageEffects":true,"showParticleSystems":true,"showVisualEffectGraphs":true,"m_FxEnabled":true},"in2DMode":false,"pivot":{"x":0.32154083251953127,"y":22.952829360961915,"z":-0.11819648742675781},"rotation":{"x":0.07403920590877533,"y":-0.742582380771637,"z":0.08360081166028977,"w":0.6604893803596497},"size":27.064167022705079,"orthographic":true}