{"cameraMode":{"drawMode":0,"name":"Shaded","section":"Shading Mode"},"sceneLighting":false,"audioPlay":false,"sceneViewState":{"m_AlwaysRefresh":false,"showFog":true,"showSkybox":false,"showFlares":true,"showImageEffects":true,"showParticleSystems":true,"showVisualEffectGraphs":true,"m_FxEnabled":true},"in2DMode":false,"pivot":{"x":-0.3299999237060547,"y":9.424999237060547,"z":-5.673000335693359},"rotation":{"x":0.018896175548434259,"y":0.01831360161304474,"z":-0.0002956930547952652,"w":0.9997143745422363},"size":12.12435531616211,"orthographic":true}