{"cameraMode":{"drawMode":0,"name":"Shaded","section":"Shading Mode"},"sceneLighting":false,"audioPlay":false,"sceneViewState":{"m_AlwaysRefresh":false,"showFog":true,"showSkybox":false,"showFlares":true,"showImageEffects":true,"showParticleSystems":true,"showVisualEffectGraphs":true,"m_FxEnabled":true},"in2DMode":false,"pivot":{"x":-0.32999998331069949,"y":8.743999481201172,"z":-6.349999904632568},"rotation":{"x":0.018896175548434259,"y":0.01831360161304474,"z":-0.0002956930547952652,"w":0.9997143745422363},"size":0.5196154713630676,"orthographic":true}