{"cameraMode":{"drawMode":0,"name":"Shaded","section":"Shading Mode"},"sceneLighting":false,"audioPlay":false,"sceneViewState":{"m_AlwaysRefresh":false,"showFog":true,"showSkybox":false,"showFlares":true,"showImageEffects":true,"showParticleSystems":true,"showVisualEffectGraphs":true,"m_FxEnabled":true},"in2DMode":false,"pivot":{"x":11.540413856506348,"y":0.07800006866455078,"z":-1.8423352241516114},"rotation":{"x":0.39128759503364565,"y":0.297837495803833,"z":-0.13546541333198548,"w":0.8602049946784973},"size":7.8567938804626469,"orthographic":true}