{"cameraMode":{"drawMode":0,"name":"Shaded","section":"Shading Mode"},"sceneLighting":false,"audioPlay":false,"sceneViewState":{"m_AlwaysRefresh":false,"showFog":true,"showSkybox":false,"showFlares":true,"showImageEffects":true,"showParticleSystems":true,"showVisualEffectGraphs":true,"m_FxEnabled":true},"in2DMode":false,"pivot":{"x":0.4306497573852539,"y":-0.2679708003997803,"z":-0.009496688842773438},"rotation":{"x":0.39128759503364565,"y":0.297837495803833,"z":-0.13546541333198548,"w":0.8602049946784973},"size":23.74045753479004,"orthographic":true}