{"cameraMode":{"drawMode":0,"name":"Shaded","section":"Shading Mode"},"sceneLighting":false,"audioPlay":false,"sceneViewState":{"m_AlwaysRefresh":false,"showFog":true,"showSkybox":false,"showFlares":true,"showImageEffects":true,"showParticleSystems":true,"showVisualEffectGraphs":true,"m_FxEnabled":true},"in2DMode":false,"pivot":{"x":0.7490310668945313,"y":-358.96038818359377,"z":0.5921897888183594},"rotation":{"x":0.39128759503364565,"y":0.297837495803833,"z":-0.13546541333198548,"w":0.8602049946784973},"size":368.78619384765627,"orthographic":true}