{"cameraMode":{"drawMode":0,"name":"Shaded","section":"Shading Mode"},"sceneLighting":false,"audioPlay":false,"sceneViewState":{"m_AlwaysRefresh":false,"showFog":true,"showSkybox":false,"showFlares":true,"showImageEffects":true,"showParticleSystems":true,"showVisualEffectGraphs":true,"m_FxEnabled":true},"in2DMode":false,"pivot":{"x":-0.08433771133422852,"y":-0.04071521759033203,"z":0.0448150634765625},"rotation":{"x":0.2834475040435791,"y":0.013254662044346333,"z":-0.0038990003522485496,"w":0.9589483737945557},"size":7.383934497833252,"orthographic":true}