{"cameraMode":{"drawMode":0,"name":"Shaded","section":"Shading Mode"},"sceneLighting":false,"audioPlay":false,"sceneViewState":{"m_AlwaysRefresh":false,"showFog":true,"showSkybox":false,"showFlares":true,"showImageEffects":true,"showParticleSystems":true,"showVisualEffectGraphs":true,"m_FxEnabled":true},"in2DMode":false,"pivot":{"x":-0.11781221628189087,"y":1.1362268924713135,"z":2.7314107418060304},"rotation":{"x":0.33410361409187319,"y":0.5287683606147766,"z":-0.23759697377681733,"w":0.7432644963264465},"size":1.704107403755188,"orthographic":true}