{"cameraMode":{"drawMode":0,"name":"Shaded","section":"Shading Mode"},"sceneLighting":false,"audioPlay":false,"sceneViewState":{"m_AlwaysRefresh":false,"showFog":true,"showSkybox":false,"showFlares":true,"showImageEffects":true,"showParticleSystems":true,"showVisualEffectGraphs":true,"m_FxEnabled":true},"in2DMode":false,"pivot":{"x":220.2906951904297,"y":205.49105834960938,"z":-0.4053475856781006},"rotation":{"x":0.5842625498771668,"y":-0.007303842809051275,"z":0.005258519202470779,"w":0.8115150332450867},"size":0.8660253882408142,"orthographic":false}